	{ 
		
		"playership": [
			
				{
					"density": 2, "friction": 0, "bounce": 0, 
					"filter": { "categoryBits": 1, "maskBits": 65535 },
					"shape": [   23.6272869110107, 15.3477544784546  ,  17.1381015777588, 18.5091514587402  ,  7.65390968322754, 18.0099835395813  ,  1, 16  ,  12, 1  ]
				}  ,
				{
					"density": 2, "friction": 0, "bounce": 0, 
					"filter": { "categoryBits": 1, "maskBits": 65535 },
					"shape": [   17.1381015777588, 18.5091514587402  ,  23.6272869110107, 15.3477544784546  ,  23.7936763763428, 23.5008319616318  ]
				}  ,
				{
					"density": 2, "friction": 0, "bounce": 0, 
					"filter": { "categoryBits": 1, "maskBits": 65535 },
					"shape": [   1, 16  ,  7.65390968322754, 18.0099835395813  ,  1, 24  ]
				}  ,
				{
					"density": 2, "friction": 0, "bounce": 0, 
					"filter": { "categoryBits": 1, "maskBits": 65535 },
					"shape": [   7.65390968322754, 18.0099835395813  ,  17.1381015777588, 18.5091514587402  ,  12.4792013168335, 22.5024958848953  ]
				}  
		]
		
	}